Company,RAM,Storage,Front Camera,Back Camera,Battery Capacity,Price
Redmi,4.0,64.0,8,12,5000,7999
Realme,4.0,64.0,16,64,4300,12999
Realme,3.0,32.0,5,12,5000,6999
Realme,8.0,128.0,16,64,4300,18999
Vivo,3.0,32.0,8,13,5000,8990
Realme,6.0,64.0,16,64,4300,16999
Realme,4.0,128.0,8,12,5000,9999
Realme,4.0,64.0,5,12,5000,7999
Redmi,2.0,32.0,8,12,5000,6499
I,4.0,64.0,5,8,3000,4499
Realme,6.0,128.0,16,64,4300,14999
Realme,3.0,32.0,13,12,5000,8499
I,2.0,16.0,0,5,2800,3749
Realme,3.0,32.0,5,13,4000,6999
Vivo,6.0,128.0,32,16,5000,15990
Vivo,4.0,64.0,32,16,5000,12990
Realme,4.0,64.0,16,48,4035,11999
Realme,6.0,64.0,16,48,4035,12999
Realme,8.0,128.0,16,48,4035,14999
Realme,8.0,128.0,16,64,4300,15999
OPPO,8.0,256.0,16,48,4065,49990
Vivo,3.0,64.0,8,13,5000,9490
Redmi,3.0,32.0,8,12,5000,6999
POCO,6.0,128.0,20,64,4500,16999
POCO,8.0,256.0,20,64,4500,19999
Yu,2.0,16.0,5,13,4000,3799
Lava,0.0234375,0.0234375,0,0,800,745
I,2.0,16.0,0,5,2800,3699
Vivo,6.0,128.0,32,48,4500,16990
Vivo,6.0,64.0,32,48,4500,15990
Vivo,8.0,128.0,32,48,4500,17990
POCO,8.0,256.0,20,12,4000,16999
OnePlus,8.0,256.0,16,48,3800,37999
Redmi,4.0,64.0,13,48,4000,9999
Realme,8.0,128.0,16,64,4000,17999
Nokia,0.00390625,0.00390625,0,0,800,1075
Nokia,0.00390625,0.00390625,0,0,800,1077
Nokia,0.00390625,0.00390625,0,0,800,1097
Nokia,0.00390625,0.00390625,0,0,800,1099
Moto,4.0,64.0,8,13,3000,7499
Google,4.0,64.0,8,12,3000,26999
OnePlus,8.0,128.0,16,48,3800,35490
Infinix,4.0,64.0,8,13,5000,7499
OPPO,4.0,64.0,16,13,4230,15999
Vivo,8.0,128.0,32,48,4500,18990
Honor,4.0,128.0,32,24,3400,9999
Honor,4.0,128.0,32,24,3400,10999
Micromax,0.03125,0.03125,0,1,800,688
Micromax,0.03125,0.03125,0,0,2500,770
OPPO,4.0,64.0,8,12,4230,11490
OPPO,6.0,64.0,16,48,4000,15990
Vivo,2.0,32.0,5,13,4030,6990
Tecno,4.0,64.0,16,48,5000,9999
Samsung,4.0,64.0,8,12,3000,19999
Redmi,6.0,64.0,20,12,4000,12999
Realme,4.0,128.0,16,48,3765,14999
Redmi,8.0,128.0,0,64,4500,19999
Redmi,6.0,128.0,0,64,4500,16698
Redmi,6.0,64.0,0,64,4500,15401
Redmi,6.0,128.0,0,64,4500,16499
Vivo,3.0,32.0,8,13,4030,8490
Vivo,4.0,128.0,16,16,5000,13990
I,2.0,16.0,0,5,2500,3199
Redmi,6.0,64.0,13,48,4000,10999
OPPO,8.0,128.0,16,48,4000,19990
Vivo,3.0,64.0,8,13,5000,9990
Lava,0.00390625,0.0029296875,0,0,1750,949
Redmi,3.0,32.0,8,13,5000,7888
Redmi,2.0,32.0,8,13,5000,7350
Redmi,3.0,32.0,8,13,5000,7999
Mi,6.0,128.0,5,12,3400,14999
Vivo,6.0,64.0,0,16,5000,12970
Redmi,6.0,64.0,0,64,4500,15221
Samsung,4.0,64.0,0,48,6000,14999
Samsung,3.0,32.0,8,13,4000,10099
Vivo,4.0,64.0,0,16,5000,13999
Samsung,8.0,128.0,32,64,4500,29999
Redmi,6.0,128.0,20,48,4000,23999
Samsung,2.0,32.0,8,13,4000,8499
Micromax,0.03125,0.03125,0,0,3000,999
Vivo,4.0,128.0,20,13,5000,13990
Micromax,0.0546875,0.0234375,0,0,1750,762
Micromax,0.03125,0.03125,0,0,1750,1086
OPPO,4.0,64.0,8,13,4230,7990
Asus,3.0,32.0,8,13,4000,5499
Vivo,6.0,128.0,32,16,4500,17990
OPPO,4.0,64.0,8,12,5000,12990
Samsung,0.009765625,0.001953125,0,0,1000,2292
Redmi,3.0,32.0,13,48,4000,8999
Motorola,4.0,128.0,12,12,3500,10999
Micromax,0.03125,0.03125,0,1,800,707
Realme,4.0,64.0,16,64,4000,14999
Snexian,0.25,0.25,0,1,1080,649
Honor,6.0,128.0,16,48,4000,16999
Nokia,6.0,64.0,20,48,3500,17099
I,0.03125,0.0625,0,0,1000,639
EcoTel,0.03125,0.0625,0,0,1000,599
Gionee,3.0,32.0,13,13,4050,5999
Nokia,0.00390625,0.00390625,0,0,800,1247
Lenovo,4.0,64.0,16,16,4050,8999
Motorola,4.0,64.0,8,13,4000,8999
Vivo,6.0,128.0,32,48,3700,19990
Gfive,0.03125,0.03125,0,1,1000,899
Mi,4.0,64.0,32,48,4030,11999
Mi,6.0,128.0,32,48,4030,13999
Vivo,3.0,32.0,8,13,4030,9450
I,0.03125,0.0625,0,0,1000,1199
Asus,3.0,32.0,8,13,4000,6999
Lava,0.03125,0.03125,0,1,2500,1399
Micromax,0.03125,0.03125,0,0,3000,1129
Black,6.0,128.0,20,48,4000,19999
Lava,0.03125,0.0234375,0,0,1000,1065
Kechaoda,0.03125,0.03125,0,0,850,845
Honor,4.0,128.0,16,13,3000,8999
OPPO,3.0,64.0,8,12,5000,11490
Vivo,4.0,64.0,0,16,5000,12990
Micromax,0.03125,0.03125,0,0,1800,869
Moto,4.0,64.0,25,48,4000,12999
OPPO,8.0,128.0,44,64,4025,29990
Redmi,2.0,32.0,5,12,4000,6199
Realme,2.0,16.0,5,13,4000,6999
Realme,12.0,256.0,16,64,4000,33999
Realme,6.0,64.0,16,64,4000,27999
Realme,8.0,128.0,16,64,4000,29999
Lava,0.0234375,0.0234375,0,0,600,675
OPPO,2.0,32.0,5,8,4000,7490
Hicell,0.03125,0.0625,0,0,1050,599
Micromax,0.03125,0.03125,0,0,1300,880
Karbonn,0.03125,0.03125,0,0,1000,699
Infinix,4.0,64.0,16,12,4500,6999
I,0.03125,0.0625,0,0,1000,1299
Lava,0.03125,0.0244140625,0,0,1000,1129
Itel,0.03125,0.03125,0,0,1000,746
Nokia,2.0,16.0,5,13,3000,5499
I,0.03125,0.0625,0,0,1000,649
OPPO,4.0,128.0,16,48,4020,12990
OPPO,8.0,128.0,16,48,5000,19499
Itel,0.00390625,0.00390625,0,0,3000,1270
Kechaoda,0.03125,0.03125,0,0,800,885
Kechaoda,0.03125,0.03125,0,0,800,940
Mobiistar,3.0,32.0,13,13,3000,6690
Lenovo,4.0,64.0,16,13,4050,7999
Easyfone,0.03125,0.03125,0,0,700,3349
Gfive,0.03125,0.03125,0,0,1000,499
Lava,0.03125,0.03125,0,1,1200,1479
Realme,6.0,64.0,16,16,3500,10999
Nokia,0.00390625,0.00390625,0,0,800,1245
Micromax,0.03125,0.03125,0,0,1750,849
Snexian,0.03125,0.03125,0,0,800,1160
Vivo,6.0,64.0,32,16,4500,16990
Snexian,0.03125,0.03125,0,0,1000,1145
Lava,0.03125,0.03125,0,1,1750,1579
Redmi,4.0,64.0,13,48,4000,12199
Karbonn,0.0625,0.0625,0,0,1800,1050
LG,4.0,128.0,5,16,3300,60000
Samsung,3.0,32.0,0,13,5000,10996
Itel,0.00390625,0.00390625,0,0,3000,1338
Samsung,6.0,128.0,32,48,4000,23999
Micromax,2.0,16.0,5,5,2200,3799
Asus,4.0,64.0,13,12,5000,11999
I,0.03125,0.03125,0,0,1000,639
Karbonn,0.03125,0.03125,0,0,1900,1039
Samsung,4.0,64.0,25,25,4000,13999
Karbonn,0.03125,0.03125,0,0,1900,1041
Lava,0.03125,0.0234375,0,0,1000,1050
Jmax,0.03125,0.03125,0,1,1000,499
Kechaoda,0.03125,0.03125,0,0,850,949
Karbonn,1.0,8.0,5,5,2300,3099
Ismart,2.0,32.0,5,8,3000,5290
Samsung,8.0,128.0,10,64,4500,73999
Karbonn,0.03125,0.03125,0,0,1000,899
Lava,0.00390625,0.0029296875,0,0,800,879
Redmi,3.0,32.0,5,13,3120,6999
Blackbear,0.0625,0.0625,0,1,1450,610
Motorola,6.0,128.0,5,16,2510,124999
iQOO,8.0,256.0,16,48,4440,39990
iQOO,8.0,128.0,16,48,4440,36990
OPPO,3.0,32.0,8,13,4230,7490
Jmax,0.03125,0.03125,0,1,1050,499
XOLO,2.0,16.0,5,8,3000,3999
Lava,1.0,16.0,5,8,3000,4699
I,2.0,16.0,0,5,2200,3299
Kechaoda,0.03125,0.03125,0,0,850,875
Samsung,4.0,64.0,16,48,6000,15490
LG,6.0,128.0,8,16,3000,16999
Karbonn,0.03125,0.03125,0,0,1800,897
Muphone,0.03125,0.03125,0,1,1700,999
Micromax,0.03125,0.03125,0,1,1000,819
OPPO,6.0,128.0,16,48,4000,16990
Realme,6.0,64.0,25,16,4045,11999
Realme,6.0,128.0,25,16,4045,12999
Lenovo,4.0,64.0,16,13,4050,10999
Redmi,6.0,64.0,0,64,4500,15991
I,0.03125,0.0625,0,0,1500,739
Motorola,4.0,128.0,25,48,3500,13999
Lava,2.0,16.0,5,8,3380,5549
Realme,8.0,128.0,16,48,3765,17999
Micromax,0.03125,0.03125,0,1,1000,1020
Kekai,2.0,16.0,5,5,3200,4599
Itel,0.03125,0.03125,0,0,1000,730
Kechaoda,0.03125,0.03125,0,0,300,1249
Kechaoda,0.03125,0.03125,0,0,300,999
Itel,0.03125,0.03125,0,0,2500,983
BlackBear,0.03125,0.03125,0,0,1000,599
Kechaoda,0.03125,0.03125,0,0,850,1020
Kult,3.0,32.0,0,13,4000,5490
Kechaoda,0.03125,0.0625,0,0,400,949
Karbonn,0.03125,0.03125,0,0,1800,899
I,0.03125,0.0625,0,0,800,639
Samsung,6.0,128.0,10,16,3100,47990
Kechaoda,0.03125,0.03125,0,0,800,890
YUHO,4.0,32.0,0,13,3300,7199
Kechaoda,0.03125,0.03125,0,0,850,850
Blackbear,0.0625,0.0625,0,2,1000,599
GreenBerry,0.03125,0.0625,0,2,1000,549
OPPO,8.0,128.0,16,48,4000,21990
Samsung,8.0,128.0,10,64,4000,66999
Redmi,8.0,256.0,20,48,4000,27999
Peace,0.0625,0.25,0,0,850,540
Lava,1.0,16.0,2,5,2500,3899
Kechaoda,0.03125,0.03125,0,0,400,895
Lenovo,3.0,32.0,8,13,4000,7999
Kechaoda,0.03125,0.03125,0,2,600,1900
Micromax,0.125,0.03125,0,0,1800,1056
Lava,0.03125,0.03125,0,0,800,999
Vivo,8.0,128.0,8,12,4000,39990
LG,3.0,32.0,16,12,4000,8299
Realme,3.0,32.0,8,13,4230,9499
Karbonn,0.01171875,0.03125,0,0,1750,1129
Redmi,2.0,32.0,0,12,4000,7995
Samsung,6.0,128.0,32,64,4500,23499
Micromax,3.0,32.0,5,13,3000,4299
Vivo,6.0,64.0,32,16,4500,17990
Infinix,4.0,64.0,16,16,4000,9999
Itel,1.0,16.0,2,5,3020,3980
Samsung,6.0,64.0,25,25,4000,17999
Kechaoda,0.03125,0.03125,0,0,1000,1350
Vivo,6.0,64.0,32,12,4000,19990
LG,6.0,128.0,32,12,4000,49990
Lenovo,2.0,32.0,5,13,2300,17499
OPPO,2.0,16.0,8,13,3180,8990
Itel,0.03125,0.03125,0,0,1200,1325
Gionee,2.0,16.0,5,13,3000,5999
Vivo,6.0,64.0,25,12,3400,14990
Salora,0.03125,0.03125,0,1,2000,659
Kechaoda,0.03125,0.0625,0,0,1700,999
I,0.03125,0.0625,0,0,1000,1099
I,0.03125,0.0625,0,0,800,539
Honor,6.0,128.0,32,48,3750,21999
Nokia,3.0,32.0,8,13,3000,9499
Karbonn,0.01171875,0.01171875,0,0,800,1399
Good,0.03125,0.03125,0,0,1000,1499
Jmax,0.03125,0.03125,0,1,1050,999
Muphone,0.03125,0.03125,0,0,3800,1029
Micromax,0.03125,0.03125,0,2,1450,1340
OPPO,4.0,32.0,8,13,4230,11990
I,0.03125,0.0625,0,0,1000,739
Tork,0.03125,0.03125,0,0,1000,799
Samsung,4.0,64.0,0,13,5000,12920
Mymax,0.03125,0.03125,0,1,1000,899
Tecno,4.0,64.0,13,13,6000,10000
Nokia,0.00390625,0.00390625,0,1,800,1699
Tecno,4.0,64.0,13,13,6000,11999
Mymax,0.03125,0.03125,0,1,1000,565
Detel,0.03125,0.03125,0,0,1000,599
Easyfone,0.03125,0.03125,0,0,1000,2499
OPPO,6.0,128.0,16,48,4020,16990
Asus,8.0,256.0,8,12,3300,18999
Infinix,2.0,16.0,8,13,3050,3999
OnePlus,12.0,256.0,16,48,4000,51995
Itel,0.0078125,0.0078125,0,0,1900,1368
Honor,4.0,64.0,16,13,3000,8499
Micromax,1.0,8.0,2,5,2000,2799
Blackbear,0.0625,0.0625,0,1,1050,799
Nokia,3.0,32.0,5,13,4000,8999
Samsung,4.0,64.0,16,16,3300,26600
Tecno,3.0,32.0,16,13,3750,6990
Karbonn,0.0625,0.0625,0,0,1800,970
Infinix,4.0,64.0,13,13,4000,9999
Samsung,4.0,128.0,16,25,4000,15999
Panasonic,3.0,16.0,5,13,5000,8499
Karbonn,0.03125,0.03125,0,0,1750,1245
Inovu,0.03125,0.03125,0,0,1000,649
Micromax,0.01953125,0.01953125,0,0,3000,1399
Samsung,6.0,128.0,8,12,4000,67900
Muphone,0.03125,0.0625,0,0,1700,1099
Intex,0.03125,0.03125,0,0,1300,899
POCO,6.0,64.0,20,12,4000,19999
Muphone,0.03125,0.03125,0,1,1700,1099
Hicell,0.03125,0.0625,0,0,1050,539
Micromax,0.03125,0.03125,0,0,800,850
Ismart,2.0,32.0,5,8,3000,5299
I,0.03125,0.0625,0,0,800,1099
Panasonic,1.0,16.0,5,8,2200,5299
InFocus,2.0,16.0,8,13,3000,4599
XOLO,2.0,16.0,5,8,2500,6888
Karbonn,0.03125,0.03125,0,0,1000,829
Karbonn,0.03125,0.03125,0,1,1400,1331
Samsung,4.0,64.0,16,25,4000,14999
Micromax,0.03125,0.03125,0,0,2500,1299
I,0.03125,0.0625,0,0,1000,999
Micromax,0.0546875,0.0390625,0,0,1000,799
InFocus,0.03125,0.03125,0,0,1000,899
Gamma,0.03125,0.03125,0,2,2200,1099
Samsung,0.00390625,0.001953125,0,0,1000,2315
Micromax,0.03125,0.03125,0,0,1450,1099
Itel,0.03125,0.03125,0,0,1000,1070
Karbonn,0.03125,0.03125,0,0,1450,949
Muphone,0.03125,0.03125,0,1,800,840
Itel,0.03125,0.03125,0,0,1200,1345
Gionee,4.0,32.0,16,13,3030,6999
Karbonn,1.0,8.0,0,5,2800,3299
Tambo,0.0234375,0.0234375,0,0,1000,840
Kechaoda,0.03125,0.03125,0,0,800,899
Inovu,0.03125,0.03125,0,0,1000,599
Karbonn,0.03125,0.03125,0,0,800,739
Micromax,0.03125,0.03125,0,0,1450,1199
OnePlus,8.0,256.0,16,48,4085,53380
Redmi,3.0,32.0,5,13,4100,10999
Gfive,0.0625,0.25,0,0,1050,649
I,0.03125,0.03125,0,0,800,1199
Lava,0.0625,0.5,0,0,1750,1504
SSKY,0.03125,0.03125,0,1,2500,799
OPPO,8.0,256.0,16,48,4000,36990
Infinix,3.0,32.0,16,13,4000,10999
Blackbear,2.0,16.0,5,8,2500,4999
Salora,0.03125,0.03125,0,1,1800,999
Itel,0.0078125,0.0078125,0,0,1900,1269
InFocus,0.03125,0.03125,0,0,1000,1070
Micromax,0.03125,0.03125,0,0,1750,890
Karbonn,0.03125,0.03125,0,0,800,1190
Karbonn,0.03125,0.03125,0,0,800,999
Salora,0.03125,0.03125,0,1,2700,1099
Salora,0.03125,0.03125,0,1,1800,899
POCO,6.0,128.0,20,12,4000,14999
Ssky,0.03125,0.03125,0,1,1800,1099
OPPO,6.0,64.0,25,16,3500,14990
Jivi,0.0009765625,0.015625,0,0,1000,710
Blackbear,0.0625,0.0625,0,1,1450,1499
Samsung,1.0,8.0,5,8,2600,8990
Jivi,0.0009765625,0.015625,0,0,1000,719
Realme,2.0,16.0,5,13,4230,6999
Google,4.0,64.0,8,12,3700,32999
Mi,6.0,128.0,20,20,3010,15999
Winstar,0.03125,0.03125,0,0,1500,990
I,0.03125,0.0625,0,0,1500,1299
Samsung,1.0,16.0,5,5,2600,5290
I,0.03125,0.03125,0,0,1500,1299
I,0.03125,0.0625,0,0,1000,599
Blackbear,0.03125,0.03125,0,1,1550,1499
Samsung,4.0,64.0,16,16,4000,13990
I,0.03125,0.0625,0,0,1500,1049
Asus,2.0,16.0,5,13,2070,12399
Karbonn,0.03125,0.03125,0,0,1750,769
Gionee,4.0,64.0,16,13,4010,21499
Bloom,0.03125,0.03125,0,0,1000,699
Samsung,8.0,128.0,32,64,4500,25499
Peace,0.03125,0.0625,0,0,850,1099
Peace,0.03125,0.0625,0,0,850,1075
Redmi,6.0,64.0,20,12,4000,8999
LG,4.0,64.0,8,16,3000,50000
I,0.03125,0.0625,0,0,800,799
Karbonn,0.03125,0.03125,0,0,800,717
Mobiistar,1.0,8.0,5,5,2700,3999
Lava,3.0,32.0,8,13,3000,7999
Tork,0.03125,0.03125,0,0,2800,950
Jivi,0.03125,0.03125,0,0,1000,839
Jivi,0.03125,0.03125,0,0,1000,799
Billion,4.0,64.0,8,13,3500,13999
Forme,0.03125,0.03125,0,0,850,599
Forme,0.03125,0.03125,0,0,2500,830
Karbonn,0.03125,0.03125,0,0,1750,949
GAMMA,0.03125,0.03125,0,0,1000,890
Blackbear,0.03125,0.03125,0,1,1050,620
Coolpad,3.0,32.0,0,13,2500,9999
Realme,4.0,64.0,8,13,4230,10990
Bluboo,2.0,16.0,5,8,2700,5299
I,0.03125,0.0625,0,0,800,1199
Infinix,3.0,32.0,16,12,4500,6999
Itel,0.03125,0.03125,0,0,2500,1124
Lenovo,2.0,32.0,5,13,4900,15999
OPPO,8.0,256.0,25,16,3730,58990
Karbonn,1.0,4.0,2,13,1800,13298
Karbonn,1.0,4.0,2,13,1800,14990
Karbonn,0.03125,0.03125,0,0,1450,836
Karbonn,0.03125,0.03125,0,0,1750,999
Blackbear,0.0625,0.0625,0,2,2800,1079
Intex,0.00390625,0.00390625,0,0,1050,765
Gionee,3.0,32.0,8,13,3520,6999
Ssky,0.03125,0.03125,0,0,2500,799
Micromax,0.03125,0.03125,0,0,1800,1069
Gome,3.0,32.0,0,13,3500,5980
Alcatel,3.0,32.0,0,16,4000,12999
Tecno,2.0,16.0,8,13,4000,5440
Micromax,0.03125,0.03125,0,0,2500,1205
Blackbear,0.0625,0.0625,0,2,6000,1699
Redmi,4.0,64.0,20,12,4000,10900
Micromax,0.01953125,0.01953125,0,0,1700,1629
Jivi,0.0048828125,0.03125,0,0,1000,899
JIVI,0.0009765625,0.015625,0,0,4000,2299
Kechaoda,0.03125,0.03125,0,0,1000,690
Realme,3.0,32.0,0,13,3500,12334
I,0.03125,0.0625,0,0,2000,739
Intex,0.03125,0.03125,0,1,1700,1090
Lava,3.0,32.0,13,13,3000,8999
Karbonn,2.0,16.0,0,8,3000,4999
Jivi,0.0009765625,0.015625,0,0,1000,789
Kechaoda,0.03125,0.0625,0,0,1200,817
XOLO,1.0,8.0,5,5,2350,5299
Zen,0.03125,0.03125,0,1,1000,1549
Winstar,0.03125,0.03125,0,0,600,1999
Karbonn,0.03125,0.03125,0,0,1000,849
Voto,2.0,16.0,8,13,3000,6599
Kekai,1.0,16.0,0,5,2200,3899
I,0.03125,0.0625,0,0,1000,1149
Inovu,0.03125,0.03125,0,0,800,649
Nokia,3.0,32.0,8,13,3060,6999
Inovu,0.03125,0.03125,0,0,1200,799
Easyfone,0.03125,0.03125,0,0,1000,2099
ROKEA,0.25,0.03125,0,0,800,999
ITEL,1.0,8.0,0,2,2500,3834
XOLO,6.0,128.0,16,13,3260,10599
Lava,0.03125,0.0234375,0,0,1750,1399
Tork,0.03125,0.03125,0,0,2500,899
Peace,0.03125,0.03125,0,0,1900,899
Gfive,0.03125,0.0625,0,0,1050,1199
Vivo,4.0,32.0,8,13,3260,11790
Micromax,0.0244140625,0.0244140625,0,0,1000,1040
Yuho,4.0,32.0,0,13,3000,6499
Yuho,4.0,32.0,0,13,3300,5999
Kechaoda,0.001953125,0.03125,0,1,800,880
Tork,0.03125,0.03125,0,0,1000,840
ziox,0.125,0.01953125,0,0,800,699
Vivo,4.0,32.0,8,13,4030,16000
Moto,3.0,64.0,2,21,3900,31999
SSKY,0.03125,0.03125,0,0,2400,799
Intex,0.03125,0.03125,0,0,800,845
Winstar,0.03125,0.03125,0,0,1500,1256
InFocus,2.0,16.0,8,13,3000,4640
Zen,0.03125,0.03125,0,1,800,850
Karbonn,0.03125,0.03125,0,0,1800,1249
MTR,0.0625,0.0625,0,0,800,625
Ismart,0.03125,0.0625,1,1,1040,799
Blackzone,0.009765625,0.009765625,0,0,1000,599
Forme,0.01171875,0.01171875,0,1,2500,898
Jivi,0.0048828125,0.03125,0,0,1000,825
Jivi,0.03125,0.03125,0,0,2750,999
Kechaoda,0.03125,0.03125,0,0,1700,990
Kechaoda,0.25,0.048828125,0,0,850,890
Redmi,3.0,32.0,16,12,3080,8999
Gfive,0.03125,0.03125,0,1,1800,789
Ssky,0.03125,0.03125,0,1,1050,1249
InFocus,0.03125,0.03125,0,0,1000,1110
Lenovo,1.0,16.0,2,8,2300,5499
Honor,4.0,64.0,16,13,3000,14500
Peace,0.03125,0.0625,0,0,850,1599
Ziox,0.03125,0.03125,0,0,1000,799
Tecno,2.0,16.0,0,13,3050,6999
Samsung,6.0,128.0,24,24,3300,17990
I,0.03125,0.0625,0,0,800,1049
I,0.03125,0.0625,0,0,800,1795
Itel,0.03125,0.03125,0,0,2500,1444
Blackbear,0.03125,0.03125,0,1,1000,777
Tork,0.03125,0.03125,0,0,2500,999
Nokia,0.00390625,0.00390625,0,0,1020,1899
OPPO,4.0,64.0,16,13,3075,15990
M-tech,0.03125,0.03125,0,0,1800,1049
Zen,0.03125,0.03125,0,1,1800,999
I,0.03125,0.0625,0,0,800,1497
Yu,1.0,8.0,2,8,2000,4695
Nokia,0.015625,0.015625,0,0,1020,2499
Karbonn,0.009765625,0.009765625,0,0,1700,821
Itel,0.0625,0.0625,0,0,1500,1394
Ssky,2.0,16.0,5,13,3000,4999
Shomi,0.03125,0.03125,0,0,1750,510
MTR,0.0625,0.0625,0,0,800,599
Samsung,4.0,32.0,8,13,3000,15990
Comio,2.0,32.0,8,13,2700,7495
ZIOX,0.03125,0.03125,0,0,1000,825
Samsung,6.0,64.0,0,24,3700,34999
Grabo,0.0625,0.0625,0,0,1000,489
Redmi,6.0,64.0,20,48,4000,19999
ZIOX,1.0,8.0,0,5,2500,3731
MTR,0.0625,0.0625,0,0,800,1099
Samsung,4.0,128.0,32,48,4000,22450
Zen,0.03125,0.03125,0,1,800,790
MTR,0.0625,0.0625,0,0,800,1599
Gionee,2.0,16.0,5,13,3000,5487
BlackZone,0.03125,0.03125,0,0,1000,1180
Kechaoda,0.03125,0.03125,0,0,300,1299
Panasonic,2.0,16.0,5,8,2500,7999
Lenovo,1.0,8.0,1,8,3000,13604
Gfive,0.03125,0.03125,0,1,1200,1999
Samsung,3.0,16.0,8,13,3300,11200
Comio,1.0,32.0,5,8,2200,4995
I,0.03125,0.0625,0,0,1000,799
Alcatel,1.0,8.0,0,8,2000,4999
Karbonn,2.0,16.0,0,5,2250,6334
I,0.03125,0.0625,0,0,800,1799
Gfive,0.03125,0.03125,0,0,1050,629
Intex,0.009765625,0.009765625,0,0,1700,1300
Tecno,3.0,32.0,2,13,4000,8390
Intex,2.0,16.0,0,8,2400,8499
LG,4.0,64.0,0,16,4000,12990
I,0.03125,0.0625,0,0,800,1499
Kechaoda,0.03125,0.0625,0,0,400,1299
Micromax,0.03125,0.03125,0,0,2500,929
Lava,1.0,16.0,5,5,2550,4799
Asus,4.0,32.0,5,13,3000,19999
Kechaoda,0.03125,0.0625,0,0,1700,1100
I,0.0625,0.03125,0,0,1000,639
Huawei,8.0,256.0,0,40,4200,55990
Tecno,3.0,32.0,8,13,3050,7199
MTR,0.0625,0.0625,0,0,1200,949
InFocus,1.0,8.0,2,5,2200,4299
ziox,0.03125,0.03125,0,0,1800,899
MTR,0.0625,0.0625,0,0,2000,999
Intex,0.03125,0.03125,0,0,1050,915
Intex,0.0302734375,0.03125,0,0,1050,790
Micromax,0.0546875,0.0546875,0,0,950,1186
MTR,0.0625,0.0625,0,0,800,699
MTR,0.0625,0.0625,0,0,800,649
Kechaoda,0.03125,0.0625,0,0,700,990
Heemax,0.5,0.03125,0,0,1000,549
MTR,0.0625,0.0625,0,0,2000,949
Gfive,0.03125,0.03125,0,0,1050,599
Meizu,2.0,16.0,8,13,3000,3559
Intex,0.01953125,0.01171875,0,0,1050,740
Yu,3.0,32.0,5,13,4000,4799
MTR,0.0625,0.0625,0,0,2000,1049
BlackZone,0.009765625,0.009765625,0,0,1500,699
Moto,2.0,16.0,5,8,2800,8499
nuvo,0.03125,0.03125,0,1,800,588
Ssky,0.0625,0.0625,0,0,1200,999
InFocus,0.03125,0.03125,0,1,1000,641
Ziox,0.03125,0.03125,0,0,1800,999
Micromax,0.5,4.0,0,1,1200,2445
BlackZone,1.0,8.0,5,5,2600,3200
Megus,0.03125,0.03125,0,1,2700,1099
Nokia,6.0,64.0,16,16,3060,11490
Micromax,0.0546875,0.0234375,0,0,1750,999
I,0.03125,0.0625,0,0,1000,699
Samsung,4.0,64.0,0,13,5000,13899
Ziox,0.03125,0.03125,0,0,1000,900
Krex,0.03125,0.03125,0,0,1000,699
Karbonn,0.03125,0.03125,0,0,1750,875
Forme,0.03125,0.03125,0,0,1500,890
SHOMI,0.03125,0.03125,0,0,1000,799
Redmi,4.0,64.0,13,12,4000,10989
SAMSOTEL,0.03125,0.03125,0,0,1000,929
MTR,0.0625,0.0625,0,0,800,650
Honor,3.0,32.0,5,13,3020,11500
Tecno,4.0,64.0,16,13,3500,8850
GIVA,0.03125,0.009765625,0,0,1100,499
Itel,1.0,8.0,2,5,2400,4399
Peace,0.0625,0.25,0,0,850,749
Karbonn,0.03125,0.03125,0,0,800,709
SSKY,2.0,16.0,5,13,3000,4299
Kara,0.0009765625,0.0009765625,0,0,1700,675
Samsung,8.0,128.0,10,16,3400,66999
Trio,0.03125,0.0625,0,1,1500,669
Honor,4.0,64.0,8,12,3000,15999
CAT,3.0,32.0,5,13,3800,46500
Tecno,2.0,16.0,8,13,3050,5199
Gionee,3.0,32.0,8,13,3550,5499
Nokia,4.0,64.0,20,48,3500,15499
Samsung,6.0,128.0,16,48,6000,17990
MTR,0.0625,0.0625,0,0,800,899
OPPO,4.0,64.0,8,13,3180,9750
Lava,2.0,16.0,5,8,3000,5958
Ziox,0.03125,0.03125,0,0,3000,1099
MTR,0.0625,0.0625,0,0,800,999
Kara,0.0009765625,0.0009765625,0,0,1700,700
BlackZone,0.0625,0.0625,0,0,1800,799
MTR,0.0625,0.0625,0,0,800,799
Tork,0.03125,0.03125,0,0,2800,1199
I,1.0,8.0,0,5,2200,3099
Hicell,0.03125,0.0625,0,0,1050,499
M-tech,0.03125,0.03125,0,0,1000,1040
ZIOX,0.03125,0.03125,0,0,2500,848
Lenovo,2.0,16.0,2,8,2900,7800
Panasonic,3.0,32.0,5,13,4000,5728
Kechaoda,0.03125,0.0625,0,0,1700,949
Intex,0.03125,0.03125,0,1,1700,1165
Itel,0.03125,0.03125,0,0,1000,899
Tecno,2.0,32.0,16,13,3500,8999
Ismart,0.00390625,16.0,0,1,2800,1049
Trio,0.03125,0.0625,0,1,1000,699
Lava,2.0,16.0,5,8,3000,5790
nuvo,0.03125,0.03125,0,1,1000,799
Kara,0.0009765625,0.0009765625,0,0,4000,799
Vivo,3.0,32.0,16,13,3000,15715
Tork,0.03125,0.03125,0,0,2500,1090
Kara,0.009765625,0.009765625,0,0,1350,489
Niamia,0.03125,0.03125,0,0,1000,1849
Samsung,4.0,64.0,24,24,3300,19999
Meizu,2.0,16.0,5,13,3000,3849
Niamia,0.03125,0.03125,0,0,1000,1799
Ziox,0.125,0.01953125,0,0,1800,895
Ziox,1.0,8.0,0,5,2450,5553
Itel,0.03125,0.03125,0,0,1000,1049
M-tech,0.03125,0.03125,0,0,2800,949
Zen,0.03125,0.03125,0,1,1000,1249
Tork,0.03125,0.03125,0,0,2800,999
Samsung,6.0,128.0,0,32,3500,21490
Micromax,0.03125,0.03125,0,0,800,949
Daps,0.03125,0.03125,0,0,1000,590
Intex,0.009765625,0.03125,0,0,1050,790
Samsung,3.0,16.0,5,13,3300,14990
MU,0.03125,0.03125,0,1,2400,1199
I,0.03125,0.03125,0,0,800,899
Forme,0.03125,0.03125,0,0,1050,899
Samsung,4.0,128.0,32,48,4000,20910
M-tech,0.03125,0.03125,0,0,1800,999
Grabo,0.0625,0.0625,0,0,1000,599
Micromax,0.03125,0.03125,0,0,800,841
OPPO,3.0,64.0,16,13,4230,12990
Tambo,0.0234375,0.0234375,0,0,1000,1049
InFocus,0.0234375,0.0234375,0,0,3000,1149
Gfive,0.03125,0.0625,0,0,1800,799
Tecno,4.0,64.0,16,13,3750,14074
Grabo,0.0625,0.0625,0,0,1000,529
Ziox,0.03125,0.03125,0,0,1000,724
Forme,0.03125,0.03125,0,0,600,1249
POCO,8.0,256.0,20,12,4000,18999
Mobiistar,2.0,16.0,8,8,3000,6799
LG,4.0,128.0,5,16,3300,14999
Asus,6.0,64.0,48,48,5000,23999
JIVI,0.009765625,0.03125,0,0,1000,829
Tecno,3.0,32.0,16,13,3750,9800
Micromax,1.0,4.0,0,5,1900,5995
BlackZone,0.009765625,0.009765625,0,0,1000,550
Ziox,0.03125,0.03125,0,0,1800,998
OPPO,3.0,32.0,8,13,3180,11990
Ziox,0.5,0.5,0,0,1750,849
Nokia,1.0,8.0,0,8,4000,5499
Mymax,1.0,8.0,5,8,3000,3815
BlackZone,0.0625,0.0625,0,0,800,1185
SSKY,0.03125,0.03125,0,0,1200,2898
Nokia,2.0,32.0,5,13,4000,7499
Samsung,3.0,32.0,5,13,3000,14995
Intex,0.03125,0.03125,0,1,1700,1049
Kechaoda,0.5,0.03125,0,0,1000,1049
Vivo,2.0,16.0,5,8,4030,7600
Snexian,0.03125,0.03125,0,1,1000,649
Nokia,3.0,32.0,8,16,3000,8999
Tork,0.03125,0.03125,0,0,1000,749
Chilli,0.03125,0.03125,0,1,1500,1299
Coolpad,3.0,32.0,5,13,3000,5988
Tecno,3.0,32.0,16,13,3500,12425
Panasonic,4.0,64.0,16,16,4000,7299
Tecno,3.0,32.0,13,13,3500,9999
LG,4.0,64.0,8,16,3300,5999
Niamia,0.03125,0.03125,0,0,1000,949
Karbonn,0.03125,0.03125,0,0,1750,1249
I,0.03125,0.0625,0,0,800,1599
Mido,0.03125,0.03125,0,0,1000,750
Megus,0.03125,0.03125,0,0,800,599
Kara,0.009765625,0.009765625,0,0,2200,649
POCO,6.0,64.0,20,12,4000,15499
Itel,0.03125,0.03125,0,2,2500,1095
Itel,0.03125,0.03125,0,0,1000,880
Intex,0.0546875,0.0546875,0,0,1800,1449
nuvo,0.5,4.0,1,3,1400,2483
Zen,0.125,0.01953125,0,0,1000,849
ZIOX,1.0,8.0,0,8,2600,3199
Itel,2.0,16.0,0,5,2400,5200
ZIOX,0.125,0.01953125,0,0,800,700
Ziox,0.03125,0.03125,0,0,1000,700
InFocus,0.0234375,0.0234375,0,0,1800,962
Niamia,0.03125,0.03125,0,0,1000,1899
Kechaoda,0.03125,0.0625,0,0,1700,1349
Tecno,2.0,16.0,5,8,3000,6299
ZIOX,0.03125,0.03125,0,0,1000,725
Kechaoda,0.03125,0.03125,0,0,1200,1199
Shomi,0.03125,0.03125,0,0,1000,799
Kechaoda,0.03125,0.0625,0,0,1700,1049
Samsung,4.0,64.0,24,16,3500,21990
Ssky,0.0625,0.0625,0,1,1200,999
MU,0.0625,0.0625,0,0,100,1349
TECNO,2.0,16.0,0,13,4000,5224
ITEL,2.0,32.0,0,8,2400,5917
Samsung,3.0,32.0,8,13,3000,10499
Itel,0.03125,0.03125,0,1,1000,859
Ziox,0.03125,0.03125,0,0,1000,775
Ismart,0.03125,0.03125,0,0,2800,999
Tork,0.03125,0.03125,0,0,1000,1049
BlackBear,0.5,0.5,0,0,2000,996
Samsung,4.0,64.0,8,13,3000,14990
Homtom,2.0,16.0,0,13,3000,3715
Nokia,3.0,32.0,0,13,3500,8499
Itel,1.0,8.0,2,5,2400,5447
Itel,1.0,8.0,2,5,2400,5000
OPPO,3.0,16.0,5,13,3000,10990
Vivo,2.0,16.0,5,8,4030,7690
InFocus,2.0,16.0,0,13,5000,7500
BlackZone,0.009765625,0.009765625,0,0,1000,489
Samsung,8.0,128.0,48,48,3700,39990
Peace,0.03125,0.0625,0,0,850,1499
Lenovo,2.0,16.0,2,8,2900,6990
Redmi,4.0,64.0,5,13,4100,12999
Peace,0.015625,0.015625,0,0,1500,699
Lava,0.03125,0.03125,0,1,2500,1497
Samsung,6.0,128.0,32,48,4000,26957
Micromax,4.0,64.0,20,16,3000,6499
Tymes,0.03125,0.03125,0,1,1000,631
Intex,0.009765625,0.048828125,0,0,1750,888
Mafe,0.0625,0.0625,0,0,1800,1089
Tork,0.03125,0.03125,0,0,2800,1095
Panasonic,2.0,16.0,5,13,2600,8299
Ssky,0.03125,0.0341796875,0,1,1050,779
Itel,0.03125,0.03125,0,0,1000,1000
Gionee,1.0,16.0,0,5,2000,2799
Trio,0.03125,0.0625,0,1,1500,849
Micromax,1.0,8.0,2,5,2000,3340
BlackZone,0.009765625,0.009765625,0,0,1000,529
Samsung,6.0,64.0,8,12,3300,59900
Mafe,0.03125,0.0625,0,0,1050,695
Easyfone,0.03125,0.03125,0,0,800,3999
Kechaoda,0.03125,0.0625,0,0,1000,915
Gome,2.0,16.0,0,13,3000,4990
HTC,3.0,32.0,8,12,3300,8999
Redmi,2.0,32.0,8,13,5000,7495
Micromax,4.0,64.0,13,13,2730,5300
Redmi,3.0,32.0,8,13,5000,7750
Itel,1.0,8.0,0,2,2050,4990
Itel,1.0,8.0,0,2,2050,4590
Redmi,4.0,64.0,16,12,3080,10999
Peace,0.03125,0.03125,0,0,850,599
Samsung,3.0,32.0,5,13,3000,9999
BlackZone,0.0625,0.0625,0,0,1000,550
Blackbear,0.03125,0.03125,0,2,550,1110
Nokia,0.00390625,0.0078125,0,0,1020,1600
Peace,0.0625,0.25,0,0,850,610
I,2.0,16.0,0,5,2500,3399
